{"generation": [3032, 4760, 3376], "max": [3032, 4760, 3376], "min": [536, 432, 536], "avg": [1299.6266666666668, 1939.4133333333334, 1817.6]}